,names,chr,first,last,seqs,unique,query
0,birds,CM051184.1,32907036,32907971--1,MMTSFALLCLSIAIIESMAGILGNGIILAAFSLSCIGSKTWPPYDMIVISLSSSRLILQSWNTLNFLMTIFYKPFIYTKNVYIASQTIFTFLNYSSLWFGAWLSVFYCIKVASFTQSFFIWLKLRIARLVPWMLLTSWLCSFTAAIPFTWDVYSVHENITAASSMTNSSARRTTKNDRLTLLIYLWNASTPLPLTLSVVSSVLLIWSLWIHTRRMQNNASGFRDPSLEAHMKAIKSVCSFLVLYITYFICLLLIYCRVFSLSSDEECMCIVILAACPTGHTMVLIWSNPKFQELPARIWDHINCPVRSISI*,birds_MMTSFALLCLSIAIIESMAGILGNGIILAAFSLSCIGSKTWPPYDMIVISLSSSRLILQSWNTLNFLMTIFYKPFIYTKNVYIASQTIFTFLNYSSLWFGAWLSVFYCIKVASFTQSFFIWLKLRIARLVPWMLLTSWLCSFTAAIPFTWDVYSVHENITAASSMTNSSARRTTKNDRLTLLIYLWNASTPLPLTLSVVSSVLLIWSLWIHTRRMQNNASGFRDPSLEAHMKAIKSVCSFLVLYITYFICLLLIYCRVFSLSSDEECMCIVILAACPTGHTMVLIWSNPKFQELPARIWDHINCPVRSISI*,birds_CM051184.1:32907036-32907971--1
1,birds,CM051184.1,32900559,32901518--1,MITSPSVAMMTSFALLCLSIAIIESMAGILGNGIILAASSLSCIGSKTWPPYDMIVISLSSSRLILQSWNTLDYFMNIFYENFFYKENLLTAAKIMFTFLSYSSLWFGAWLSVFYCIKVASFTQSFFIWLKLRIARLVPWMLLTSWLCSFTAAISFTWDVYSVHENITAPSSMTNSSAWTTTRKDNLGLLILICNAGIGMPLILSVVSSVLLIWSLWIHTRRMQNNASGFRDPSLEAHMKAIKSVCSFLFLYIIYFICVLIIVFNVFSALSNADSICVVLLAACPTAHTLVLIWSNPKFQQLPPRIWHHINCHGRTACM*,birds_MITSPSVAMMTSFALLCLSIAIIESMAGILGNGIILAASSLSCIGSKTWPPYDMIVISLSSSRLILQSWNTLDYFMNIFYENFFYKENLLTAAKIMFTFLSYSSLWFGAWLSVFYCIKVASFTQSFFIWLKLRIARLVPWMLLTSWLCSFTAAISFTWDVYSVHENITAPSSMTNSSAWTTTRKDNLGLLILICNAGIGMPLILSVVSSVLLIWSLWIHTRRMQNNASGFRDPSLEAHMKAIKSVCSFLFLYIIYFICVLIIVFNVFSALSNADSICVVLLAACPTAHTLVLIWSNPKFQQLPPRIWHHINCHGRTACM*,birds_CM051184.1:32900559-32901518--1
2,birds,CM051184.1,32893796,32894731--1,MMTSFALLCLSIAIIESMAGILGNGIILAASSLSCIGSKTWPPYDIIVISLSSSRFIVQSWNTLDYFMNIFYENFFYKENLLTAAKIMFTFLSYSSLWFGAWLSVFYCIKVASFTQSFFIWLKLRIARLVPWMLLTSWLCSFTAAIPFTWDVYSVHENITALSSMTNTSAWTTTRKDNLGLLILICNAGIGMPLILSVVSSVLLIWSLWIHTRRMQNNASGFRDPSLEAHMKAIKSVCSFLFLYIIYFICVLFILFNIFSPLSNGEMICVVLMAACPTAHTLVLIWSNPKFQQLPPRIWHHINCHGRTACM*,birds_MMTSFALLCLSIAIIESMAGILGNGIILAASSLSCIGSKTWPPYDIIVISLSSSRFIVQSWNTLDYFMNIFYENFFYKENLLTAAKIMFTFLSYSSLWFGAWLSVFYCIKVASFTQSFFIWLKLRIARLVPWMLLTSWLCSFTAAIPFTWDVYSVHENITALSSMTNTSAWTTTRKDNLGLLILICNAGIGMPLILSVVSSVLLIWSLWIHTRRMQNNASGFRDPSLEAHMKAIKSVCSFLFLYIIYFICVLFILFNIFSPLSNGEMICVVLMAACPTAHTLVLIWSNPKFQQLPPRIWHHINCHGRTACM*,birds_CM051184.1:32893796-32894731--1
3,birds,CM051184.1,36941611,36942576--1,MLPPLLIVSISIVAVEVVVGFIGNGFITTVNIINWIKSKKTSSADMILIFLSTSRFILQVTVLMHIHSLYFADVFKLASVYKDFAAVWMFVNHSSLWFSTWLYVLYCVKIINTTHWLLLQIKCRIAGMVPWLLLGSLVISSMTSLPLLWITPNTYLCSSTGNCRENSTADIMDWDSSSLYLLLLYFVGCFFPLVLSVVTSALLITSLWKHRKTMQCYADTFTDAMIDVHLNAIKSIISFLNLYLSSFVAQILLILSTSQSKDVVKVAVSLVVVEAYPSMHSITLIIVNSKLKLLFRKICLHFKCHLEDKPPSSRLERNTLQ*,birds_MLPPLLIVSISIVAVEVVVGFIGNGFITTVNIINWIKSKKTSSADMILIFLSTSRFILQVTVLMHIHSLYFADVFKLASVYKDFAAVWMFVNHSSLWFSTWLYVLYCVKIINTTHWLLLQIKCRIAGMVPWLLLGSLVISSMTSLPLLWITPNTYLCSSTGNCRENSTADIMDWDSSSLYLLLLYFVGCFFPLVLSVVTSALLITSLWKHRKTMQCYADTFTDAMIDVHLNAIKSIISFLNLYLSSFVAQILLILSTSQSKDVVKVAVSLVVVEAYPSMHSITLIIVNSKLKLLFRKICLHFKCHLEDKPPSSRLERNTLQ*,birds_CM051184.1:36941611-36942576--1
4,birds,CM051185.1,112125132,112126085-1,MEASLLPQQSNVTSYGPTTVAIITLEVFVGMWINAFIVCVLCIGWVKKKTLNSNEKILLLLGCSRISSLCFTWIYRFLSMIYPHILHVQTIRQLIRSLATFFNYSSLWVSACLCGFYCVKIANFRNSFFIYLKVKVDRMVPWLLLGSEILALAISIFTYVLSESLQMNNITSTSQENFWEVTIRKNKHLFSSHFLAGLVFAASFLVVTFSAVFLLFSLRRHKRTMQTNSMKDLSMDAHIRAMKSVLSFLVMYSINFVCLILKIIYATKKENIIKLLIYMYLFAFPGVHSLILIFSNPKLEKALLRILSCVKCEGFIK*,birds_MEASLLPQQSNVTSYGPTTVAIITLEVFVGMWINAFIVCVLCIGWVKKKTLNSNEKILLLLGCSRISSLCFTWIYRFLSMIYPHILHVQTIRQLIRSLATFFNYSSLWVSACLCGFYCVKIANFRNSFFIYLKVKVDRMVPWLLLGSEILALAISIFTYVLSESLQMNNITSTSQENFWEVTIRKNKHLFSSHFLAGLVFAASFLVVTFSAVFLLFSLRRHKRTMQTNSMKDLSMDAHIRAMKSVLSFLVMYSINFVCLILKIIYATKKENIIKLLIYMYLFAFPGVHSLILIFSNPKLEKALLRILSCVKCEGFIK*,birds_CM051185.1:112125132-112126085-1
5,birds,CM051185.1,112116862,112117815-1,MEASLFPQQSNVTSYGPTTVAIITLEVSLGMWINAFLVCVLCIGWVKKKTLNSNEKILLLLGCSRISYLCFTWIYHFLSMIYPHILHVQTIRQLIRSLATFFNYSSLWVSACLCGFYCIKIANFRNSFFIYLKVKVDRMVPWLLLGSETVALAMSVFISDLSETLQMNNITSTSQGNFWEVTIRKDIHLFSTFLLSGFVFAASFLVVTFSAVFLLFSLWRHKRMMQTSSMKDLSMDAHIRAMKSVLSFLVMYSINFVCLVLTIIYTTKKENIMKLLLYMYLCAFPGVHSLILIFSNPKLEKALLKMLSCVKLEFFMK*,birds_MEASLFPQQSNVTSYGPTTVAIITLEVSLGMWINAFLVCVLCIGWVKKKTLNSNEKILLLLGCSRISYLCFTWIYHFLSMIYPHILHVQTIRQLIRSLATFFNYSSLWVSACLCGFYCIKIANFRNSFFIYLKVKVDRMVPWLLLGSETVALAMSVFISDLSETLQMNNITSTSQGNFWEVTIRKDIHLFSTFLLSGFVFAASFLVVTFSAVFLLFSLWRHKRMMQTSSMKDLSMDAHIRAMKSVLSFLVMYSINFVCLVLTIIYTTKKENIMKLLLYMYLCAFPGVHSLILIFSNPKLEKALLKMLSCVKLEFFMK*,birds_CM051185.1:112116862-112117815-1
6,birds,CM051185.1,112112251,112113204-1,MEACHPTQQYNVTSYGATTVAIITLEAFAGMWINAFIVCVLCIGWVKKKTWNSNEKILLLLGCSRIRFVCFAWVYQFISIIYPNILHVQTILQLLASCAAVFNYSSLWVSACLCGFYCIKIASFRNSFFIYLKVKVDRMVPWLLLGSEIVASAMGIVVYDLHETLQMNNITSTSQGNFWEVAIRKDIHLLFSCFLSGLVFALPFLAVFFSAVFLLFSLWRHKRTMQTSSMKDLSMDAHIRAMKSVLSFLVMYSINFVCLVLTIIYATKKENVITLLIYIYLFAFPGVHSLILIFSNPKLEKALLKILSCVKCVFFTK*,birds_MEACHPTQQYNVTSYGATTVAIITLEAFAGMWINAFIVCVLCIGWVKKKTWNSNEKILLLLGCSRIRFVCFAWVYQFISIIYPNILHVQTILQLLASCAAVFNYSSLWVSACLCGFYCIKIASFRNSFFIYLKVKVDRMVPWLLLGSEIVASAMGIVVYDLHETLQMNNITSTSQGNFWEVAIRKDIHLLFSCFLSGLVFALPFLAVFFSAVFLLFSLWRHKRTMQTSSMKDLSMDAHIRAMKSVLSFLVMYSINFVCLVLTIIYATKKENVITLLIYIYLFAFPGVHSLILIFSNPKLEKALLKILSCVKCVFFTK*,birds_CM051185.1:112112251-112113204-1
7,birds,CM051185.1,73551655,73552608--1,MEACHPPQQSNGTSYGAMALAIITLEVFAGMWINAFIVCVLCIAWVKKKTLNSNEKILLLLGCSRISFLCDAWLYHFLSKIFPNLLHFQTILQVLASIGTSFNYSNLWISACLCGFYCIKIANFRNSFFIYLKVKIDRMVPWLLLGTEILALAISIITYVLGETLQRSNINFTGQENFWEVTIRKDKHLFSSHFLAGLVLTASFLVVTFSAVFLLFSLWRHKRMMQTNSMKDLNMDAHIRAMKSVLSFLVMYSINFVCLILTIIYTTKKENIMTLLIYIYLYAFPGVHSLILIFSNPKLEKALLKFLSCVKWEFFMK*,birds_MEACHPPQQSNGTSYGAMALAIITLEVFAGMWINAFIVCVLCIAWVKKKTLNSNEKILLLLGCSRISFLCDAWLYHFLSKIFPNLLHFQTILQVLASIGTSFNYSNLWISACLCGFYCIKIANFRNSFFIYLKVKIDRMVPWLLLGTEILALAISIITYVLGETLQRSNINFTGQENFWEVTIRKDKHLFSSHFLAGLVLTASFLVVTFSAVFLLFSLWRHKRMMQTNSMKDLNMDAHIRAMKSVLSFLVMYSINFVCLILTIIYTTKKENIMTLLIYIYLYAFPGVHSLILIFSNPKLEKALLKFLSCVKWEFFMK*,birds_CM051185.1:73551655-73552608--1
8,birds,CM051185.1,112135456,112136409-1,MEACHPPQQFNVTAHGATAVAIITLEAFAGMWINAFIVCLLCIAWVQKKTLNSNEKILLLLGCSRISYLCFSWVSHFLSKIYPNYLYAPTILQLLAIFQTFSNYSNLWVSACLCGFYCIKIANFRNSFFIYLEVKVDRMVPWLLLGSEIVALAMGIVVYDLMETAQSSNLTLTCQENFWEARIKMDKHFFSSFFLTGFGYAASFLAVFFSAVFLLFSLWRHKRTMQTNSIKDLSMDAHIRAMKSVLSFLVMYSINFVCLILTIIYTMKDETTMTLLISIYLCGFPGVHSLILIFSNPTLEKAMLKTLSCVKCEFFIK*,birds_MEACHPPQQFNVTAHGATAVAIITLEAFAGMWINAFIVCLLCIAWVQKKTLNSNEKILLLLGCSRISYLCFSWVSHFLSKIYPNYLYAPTILQLLAIFQTFSNYSNLWVSACLCGFYCIKIANFRNSFFIYLEVKVDRMVPWLLLGSEIVALAMGIVVYDLMETAQSSNLTLTCQENFWEARIKMDKHFFSSFFLTGFGYAASFLAVFFSAVFLLFSLWRHKRTMQTNSIKDLSMDAHIRAMKSVLSFLVMYSINFVCLILTIIYTMKDETTMTLLISIYLCGFPGVHSLILIFSNPTLEKAMLKTLSCVKCEFFIK*,birds_CM051185.1:112135456-112136409-1
9,birds,CM051185.1,73557753,73558706--1,MEACHPPQQSNGTSYGAMALAIITLEVFAGMWINAFIVCVLCIAWVKKKTLNSNEKILLLLGCSRISFLCDAWLYHFLSKIFPNLLHFQTILQVLASIGTSFNYSNLWISACLCGFYCIKIANFRNSFFIYLKVKIDRMVPWLLLGTGILALAMVIVTYVLKETLQKNNITFTGQENFWEVTIRKDKHLFPFHFLAGLVFAASFLVVTFSAVFLLFSLWRHKRMMQTNSMKDLSMDAHIRAMKSVLSFLVMYSINFVCLILTIIYDTKKDNIMTLLIYIYLHAFPSVHSLILIFSNPKLEKALLKFLSCVKWEFFMK*,birds_MEACHPPQQSNGTSYGAMALAIITLEVFAGMWINAFIVCVLCIAWVKKKTLNSNEKILLLLGCSRISFLCDAWLYHFLSKIFPNLLHFQTILQVLASIGTSFNYSNLWISACLCGFYCIKIANFRNSFFIYLKVKIDRMVPWLLLGTGILALAMVIVTYVLKETLQKNNITFTGQENFWEVTIRKDKHLFPFHFLAGLVFAASFLVVTFSAVFLLFSLWRHKRMMQTNSMKDLSMDAHIRAMKSVLSFLVMYSINFVCLILTIIYDTKKDNIMTLLIYIYLHAFPSVHSLILIFSNPKLEKALLKFLSCVKWEFFMK*,birds_CM051185.1:73557753-73558706--1
10,birds,CM051185.1,112106238,112107191-1,MEACHPPQQFNVTAHGATAVAIITLEAFAGMWINAFIVCLLCIAWVQKKTLNSNEKILLLLGCSRISYLCFSWVSHFLSKIYPNYLYAPTILPLLAIFQTFSNYSNLWVSACLCGFYCIKIANFRNSFFIYLEVKVDRMVPWLLLGSEIVALAMGIVVYDLMETAQSSNLTLTCQENFWEARIKMDKHFFSSFFLTGFGYAASFLAVFFSAVFLLFSLWRHKRTMQTRSMKDLSMDAHIRAMKSVLSFLVMFSINFVCLILTTIYAMKKENIITLLISVYLCAFPGVHSLILIFSNPKLEKALLKILSCVKCEFFTK*,birds_MEACHPPQQFNVTAHGATAVAIITLEAFAGMWINAFIVCLLCIAWVQKKTLNSNEKILLLLGCSRISYLCFSWVSHFLSKIYPNYLYAPTILPLLAIFQTFSNYSNLWVSACLCGFYCIKIANFRNSFFIYLEVKVDRMVPWLLLGSEIVALAMGIVVYDLMETAQSSNLTLTCQENFWEARIKMDKHFFSSFFLTGFGYAASFLAVFFSAVFLLFSLWRHKRTMQTRSMKDLSMDAHIRAMKSVLSFLVMFSINFVCLILTTIYAMKKENIITLLISVYLCAFPGVHSLILIFSNPKLEKALLKILSCVKCEFFTK*,birds_CM051185.1:112106238-112107191-1
11,birds,CM051185.1,112146025,112146978-1,MEASPFAQQSNVSSYGPMALAITTLVAFPGMWINAFIICVLCIGWVKKKTLNSNEKILLLLGFSRFWCLCFSWIYVFVTEIFPYYLLVHPIFQLLQGSYSFFNCSSLLVSACLCGFYCIKIANFRNRFFSHLKGKIDMMVPWLLLGSVMFSLITGIFVYNTIDKTVCRNLNFTSQESLSKTAIGREKLLFPLYFLIGFLFTTSFMVVIISAVFLLFSLWRHKCKMQTNSMNSLSMDAHIRAMKSVLSFFIMYSINFMFLILTLVYSMAYQSHVLVLAQLIQYAFPGVHSLFLILSNPKLEKTLLRILSCVKCKFCMR*,birds_MEASPFAQQSNVSSYGPMALAITTLVAFPGMWINAFIICVLCIGWVKKKTLNSNEKILLLLGFSRFWCLCFSWIYVFVTEIFPYYLLVHPIFQLLQGSYSFFNCSSLLVSACLCGFYCIKIANFRNRFFSHLKGKIDMMVPWLLLGSVMFSLITGIFVYNTIDKTVCRNLNFTSQESLSKTAIGREKLLFPLYFLIGFLFTTSFMVVIISAVFLLFSLWRHKCKMQTNSMNSLSMDAHIRAMKSVLSFFIMYSINFMFLILTLVYSMAYQSHVLVLAQLIQYAFPGVHSLFLILSNPKLEKTLLRILSCVKCKFCMR*,birds_CM051185.1:112146025-112146978-1
12,birds,CM051185.1,112153377,112154336-1,MEACHPTQQYNVTSYGVLNVSIITLEAFAGMWINAFIVCVLCIACVKKKTLNSNEKILLLLGCSRFWYLCIAWIYKFLSFIYPNYLYVHTILQLAVFFQAFFDHCNLWFSASLCGFYCIKIATFRNRFFIYLKLKIDRMVPWLLLGSGILALAVGIVAYDVADTPHCNSNSTGQGNFGTANIKMDKHFFPSFFLAGFEYAASFMAVIFSAVFLLFSLWRHKCTMQTNSMKDLSMDAHIRAMKSIFSFLVVYSINFVCLVLNMVYVTKKLNHMTFLILVFQYIFPGLHSLVLVFSNPKLEKALLKILPLERSVKRKVCMS*,birds_MEACHPTQQYNVTSYGVLNVSIITLEAFAGMWINAFIVCVLCIACVKKKTLNSNEKILLLLGCSRFWYLCIAWIYKFLSFIYPNYLYVHTILQLAVFFQAFFDHCNLWFSASLCGFYCIKIATFRNRFFIYLKLKIDRMVPWLLLGSGILALAVGIVAYDVADTPHCNSNSTGQGNFGTANIKMDKHFFPSFFLAGFEYAASFMAVIFSAVFLLFSLWRHKCTMQTNSMKDLSMDAHIRAMKSIFSFLVVYSINFVCLVLNMVYVTKKLNHMTFLILVFQYIFPGLHSLVLVFSNPKLEKALLKILPLERSVKRKVCMS*,birds_CM051185.1:112153377-112154336-1
13,birds,CM051185.1,112150344,112151297-1,MEACHPSRQPKVTSYGAMALAIITLEAFPGMWINAFLVCVLCIGWVKKKTLNSNEKILLLLGCSRFWYLCFSWVYCSLSTTYPNFLFVQPTFQLIVLFQSFSNCSNLWVSACLCVFYCIKIATFRNRFFIYLKLKTDRIVPWLLLASLLSALAIGIIAYDIAVTELSINHNSTGQGNFSKVSDKMGENFFQIYFIYGLGFVTSFTVVISSALLLLFSLWRHKCKMQKNSMNSLSMDAHIKAMKSILSFFIMYSINFIFLILSLIPSTKEEKYVALLSLIFLYAFPGVHSLIVIFSNPKLEKTLIRIISCVKCKDCMK*,birds_MEACHPSRQPKVTSYGAMALAIITLEAFPGMWINAFLVCVLCIGWVKKKTLNSNEKILLLLGCSRFWYLCFSWVYCSLSTTYPNFLFVQPTFQLIVLFQSFSNCSNLWVSACLCVFYCIKIATFRNRFFIYLKLKTDRIVPWLLLASLLSALAIGIIAYDIAVTELSINHNSTGQGNFSKVSDKMGENFFQIYFIYGLGFVTSFTVVISSALLLLFSLWRHKCKMQKNSMNSLSMDAHIKAMKSILSFFIMYSINFIFLILSLIPSTKEEKYVALLSLIFLYAFPGVHSLIVIFSNPKLEKTLIRIISCVKCKDCMK*,birds_CM051185.1:112150344-112151297-1
